2026-02-14 16:14:31.032604,70186.005,SELL,1.0,99.95
2026-02-14 16:14:33.050056,70184.005,BUY,1.0,99.902871722078
2026-02-14 16:14:38.126689,70180.955,BUY,1.0,99.85292028621697
2026-02-14 16:14:44.142811,70182.315,SELL,1.0,99.80492785606253
2026-02-14 16:14:48.098168,70180.315,BUY,1.0,99.7550253921345
2026-02-14 16:15:11.060553,70187.475,SELL,1.0,99.71532008882245
2026-02-14 16:15:13.091471,70186.67499999999,BUY,1.0,99.66546242877804
2026-02-14 16:15:31.168336,70218.535,SELL,1.0,99.66084845115421
2026-02-14 16:15:32.169899,70216.045,BUY,1.0,99.61101802692863
2026-02-14 16:15:39.091014,70206.125,SELL,1.0,99.54714668398536
2026-02-14 16:15:43.088091,70193.715,BUY,1.0,99.49737311064337
2026-02-14 16:15:54.162953,70203.065,SELL,1.0,99.46087112699252
2026-02-14 16:16:09.157032,70168.86499999999,SELL,1.0,99.41114069142903
2026-02-14 16:16:20.233554,70164.715,BUY,1.0,99.36730386047047
2026-02-14 16:16:38.242072,70136.805,SELL,1.0,99.31762020854023
2026-02-14 16:17:17.246534,70168.79000000001,BUY,1.0,99.22269827816349
2026-02-14 16:17:22.410950,70161.63500000001,SELL,1.0,99.17308692902441
2026-02-14 16:19:03.373009,70128.345,BUY,1.0,99.17053443976143
2026-02-14 16:19:05.394827,70129.445,SELL,1.0,99.12094917254154
2026-02-14 16:19:42.451167,70104.345,BUY,1.0,99.10685387482854
2026-02-14 16:19:52.475414,70111.555,SELL,1.0,99.05730044789114
2026-02-14 16:19:59.442897,70178.315,BUY,1.0,98.91349691180547
2026-02-14 16:20:04.465209,70150.785,SELL,1.0,98.86404016334957
2026-02-14 16:20:51.195263,70135.735,SELL,1.0,99.95
2026-02-14 16:22:07.515504,70078.005,BUY,1.0,99.98229262755127
2026-02-14 16:22:19.485537,70090.005,SELL,1.0,99.9323014812375
2026-02-14 16:22:33.573660,70059.805,BUY,1.0,99.92537476026762
2026-02-14 16:22:40.611345,70057.995,SELL,1.0,99.87541207288749
2026-02-14 16:22:45.559601,70048.805,BUY,1.0,99.83856827152837
2026-02-14 16:22:49.664127,70045.215,BUY,1.0,99.7886489873926
2026-02-14 16:25:56.944412,69955.60500000001,SELL,1.0,99.95
2026-02-14 16:27:09.066272,69987.905,BUY,1.0,99.85389868709255
2026-02-14 16:27:29.340109,69996.775,BUY,1.0,99.80397173774901
2026-02-14 16:28:04.148155,70001.91500000001,SELL,1.0,99.7613948881957
2026-02-14 16:28:09.185945,69995.225,SELL,1.0,99.7115141907516
2026-02-14 16:28:32.333702,70004.985,BUY,1.0,99.64775880522028
2026-02-14 16:28:37.543146,70004.985,BUY,1.0,99.59793492581767
2026-02-14 16:29:06.943212,69998.17499999999,SELL,1.0,99.5384520364758
2026-02-14 16:29:13.019769,69977.295,SELL,1.0,99.48868281045756
2026-02-14 16:29:25.893380,69957.725,BUY,1.0,99.46675040830371
2026-02-14 16:29:29.893738,69961.625,SELL,1.0,99.41701703309955
2026-02-14 16:31:06.008029,69949.515,BUY,1.0,99.38449483446729
2026-02-14 16:31:26.021738,69959.035,SELL,1.0,99.33480258705006
2026-02-14 16:31:30.085801,69959.035,BUY,1.0,99.28513518575654
2026-02-14 16:31:34.071994,69961.85500000001,SELL,1.0,99.23549261816366
2026-02-14 16:33:36.046325,69922.005,BUY,1.0,99.95
2026-02-14 16:33:49.623582,69930.515,SELL,1.0,99.91218353596803
2026-02-14 16:33:58.393166,69920.36499999999,BUY,1.0,99.86222744420004
2026-02-14 16:35:04.786138,69899.56,SELL,1.0,99.78259690277686
2026-02-14 16:35:08.871479,69857.025,BUY,1.0,99.33462427090718
2026-02-14 16:35:11.293123,69826.695,SELL,1.0,99.28495695877173
2026-02-14 16:35:22.052652,69803.215,SELL,1.0,99.73270560432547
2026-02-14 16:35:22.965081,69819.535,SELL,1.0,99.95
2026-02-14 16:38:40.972545,69650.005,BUY,1.0,99.48686850433813
2026-02-14 16:38:44.084002,69654.005,BUY,1.0,99.43712507008597
2026-02-14 16:38:59.855338,69655.015,BUY,1.0,99.95
2026-02-14 16:39:03.026746,69676.195,SELL,1.0,99.41906881541682
2026-02-14 16:39:04.917513,69697.225,SELL,1.0,99.96056306829631
2026-02-14 16:39:09.190593,69714.08499999999,SELL,1.0,99.36935928100911
2026-02-14 16:39:09.522158,69714.08499999999,SELL,1.0,99.91058278676216
2026-02-14 16:40:44.873884,69657.905,BUY,1.0,99.39972593809026
2026-02-14 16:40:46.131856,69636.005,SELL,1.0,99.3500260751212
2026-02-14 16:44:51.258724,69839.905,BUY,1.0,99.01034863487365
2026-02-14 16:44:55.868575,69839.905,SELL,1.0,98.96084346055622
2026-02-14 16:46:49.761812,69840.775,BUY,1.0,98.91009100151003
2026-02-14 16:46:54.657105,69837.995,SELL,1.0,98.86063595600928
2026-02-14 16:47:02.697406,69829.91500000001,BUY,1.0,98.82263755475914
2026-02-14 16:47:03.856645,69833.985,SELL,1.0,98.77322623598177
2026-02-14 16:47:19.328828,69844.005,BUY,1.0,98.70966809900271
2026-02-14 16:47:25.004582,69848.16500000001,SELL,1.0,98.66031326495322
2026-02-14 16:47:50.672357,69823.235,BUY,1.0,98.64618212710052
2026-02-14 16:48:09.057645,69827.065,BUY,1.0,98.59685903603696
2026-02-14 16:48:14.971559,69839.755,SELL,1.0,98.56547011687994
2026-02-14 16:48:30.371106,69845.705,SELL,1.0,98.5161873818215
2026-02-14 16:49:17.504194,69831.405,BUY,1.0,98.48706230193575
2026-02-14 16:49:26.794324,69831.405,SELL,1.0,98.43781877078479
2026-02-14 16:59:07.418841,69895.595,BUY,1.0,98.29813295573517
2026-02-14 16:59:12.285937,69896.13500000001,SELL,1.0,98.2489838892573
2026-02-14 16:59:58.235855,69897.305,BUY,1.0,98.19821511636276
2026-02-14 17:00:01.873738,69889.945,SELL,1.0,98.14911600880458
2026-02-14 17:05:25.087362,69879.995,BUY,1.0,98.11390936145752
2026-02-14 17:05:28.821546,69876.16500000001,BUY,1.0,98.0648524067768
2026-02-14 17:06:02.834735,69866.235,SELL,1.0,98.00189109520299
2026-02-14 17:06:15.104200,69862.345,SELL,1.0,97.95289014965539
2026-02-14 17:06:35.846185,69873.985,BUY,1.0,97.88760226589046
2026-02-14 17:06:37.191609,69873.985,SELL,1.0,97.83865846475751
2026-02-14 17:06:42.269997,69887.33499999999,BUY,1.0,97.7710556009098
2026-02-14 17:07:06.335902,69863.995,SELL,1.0,97.72217007310935
2026-02-14 17:08:38.092472,69870.775,BUY,1.0,97.66379779841907
2026-02-14 17:09:05.003952,69867.125,SELL,1.0,97.61496589951986
2026-02-14 17:09:21.030355,69854.845,BUY,1.0,97.58330623834598
2026-02-14 17:09:37.825256,69870.775,BUY,1.0,97.53451458522682
2026-02-14 17:09:39.176666,69841.805,SELL,1.0,97.44532753725505
2026-02-14 17:09:51.969302,69829.38500000001,SELL,1.0,97.39660487348642
2026-02-14 17:10:29.517374,69817.305,BUY,1.0,97.36473856772648
2026-02-14 17:10:31.978342,69825.535,SELL,1.0,97.31605619844261
2026-02-14 17:10:33.085880,69825.515,BUY,1.0,97.26742603046596
2026-02-14 17:11:16.899645,69887.685,BUY,1.0,97.21879231745072
2026-02-14 17:11:34.707763,69913.995,SELL,1.0,97.20676372251125
2026-02-14 17:11:38.323829,69912.205,BUY,1.0,97.15816034065
2026-02-14 17:11:44.378660,69922.75,SELL,1.0,97.12422849602876
2026-02-14 17:11:49.065286,69924.725,BUY,1.0,97.07566638178075
2026-02-14 17:11:58.495495,69923.965,SELL,1.0,97.02607397715325
2026-02-14 17:12:19.749750,69940.07500000001,BUY,1.0,96.97756094016466
2026-02-14 17:13:02.370335,69957.725,SELL,1.0,96.95353307317829
2026-02-14 17:13:03.666570,69962.775,BUY,1.0,96.9050563066417
2026-02-14 17:13:21.897150,69989.845,SELL,1.0,96.89407953990987
2026-02-14 17:14:06.049938,69969.095,SELL,1.0,96.84563250013991
2026-02-14 17:14:56.950308,69968.07500000001,BUY,1.0,96.79861414297342
2026-02-14 17:15:17.084053,69961.86499999999,SELL,1.0,96.75021483590193
2026-02-14 17:16:49.928477,69854.215,BUY,1.0,96.85079921523489
2026-02-14 17:16:53.597991,69862.495,SELL,1.0,96.80237381562726
2026-02-14 17:17:00.801997,69879.035,BUY,1.0,96.7310680080334
2026-02-14 17:17:02.200711,69881.725,SELL,1.0,96.68270247402938
2026-02-14 17:17:49.762186,69874.91500000001,BUY,1.0,96.64374588233713
2026-02-14 17:17:52.133500,69887.33499999999,SELL,1.0,96.59542400939596
2026-02-14 17:18:26.109503,69841.13500000001,BUY,1.0,96.61096157356366
2026-02-14 17:18:39.044065,69855.065,BUY,1.0,96.56265609277688
2026-02-14 17:18:46.076264,69859.0,SELL,1.0,96.51981150814628
2026-02-14 17:18:53.030702,69859.035,SELL,1.0,96.4715516023922
2026-02-14 17:19:18.629598,69837.445,BUY,1.0,96.45309858050776
2026-02-14 17:19:46.351564,69844.845,BUY,1.0,96.40487203121751
2026-02-14 17:19:58.047538,69856.815,SELL,1.0,96.37318318808128
2026-02-14 17:20:19.172598,69876.15,BUY,1.0,96.32499659648724
2026-02-14 17:20:37.903137,69841.805,SELL,1.0,96.22951283239081
2026-02-14 17:20:54.341136,69834.715,SELL,1.0,96.18139807597461
2026-02-14 17:21:25.281794,69834.705,BUY,1.0,96.13331671352913
2026-02-14 17:21:39.427720,69796.275,BUY,1.0,96.08525005517237
2026-02-14 17:21:40.554909,69796.275,SELL,1.0,96.03720743014478
2026-02-14 17:21:50.969308,69792.38500000001,SELL,1.0,95.9891888264297
2026-02-14 17:21:55.588716,69785.91500000001,BUY,1.0,95.9500880344448
2026-02-14 17:21:59.125004,69783.85500000001,SELL,1.0,95.90211299042758
2026-02-14 17:22:08.669052,69753.38,BUY,1.0,95.89602634934765
2026-02-14 17:22:14.958390,69766.015,BUY,1.0,95.84807833617297
2026-02-14 17:22:16.017255,69754.875,SELL,1.0,95.78485725418442
2026-02-14 17:22:19.059451,69763.04000000001,BUY,1.0,95.73696482555732
2026-02-14 17:22:32.152008,69754.67499999999,SELL,1.0,95.67762265606166
2026-02-14 17:22:49.919059,69743.765,BUY,1.0,95.62978384473362
2026-02-14 17:23:24.286644,69760.015,SELL,1.0,95.60423914421092
2026-02-14 17:23:34.974272,69774.235,BUY,1.0,95.55643702463881
2026-02-14 17:23:38.141933,69779.695,SELL,1.0,95.51613258605516
2026-02-14 17:23:48.774077,69792.015,SELL,1.0,95.46837451976214
2026-02-14 17:25:57.564161,69844.985,BUY,1.0,95.348158712098
2026-02-14 17:26:05.667762,69856.215,SELL,1.0,95.30048463274196
2026-02-14 17:26:06.783467,69864.265,BUY,1.0,95.24185776770356
2026-02-14 17:26:18.305570,69871.315,SELL,1.0,95.19423683881972
2026-02-14 17:28:42.859586,69882.205,BUY,1.0,95.13179528674387
2026-02-14 17:28:59.155672,69894.215,SELL,1.0,95.0842293891005
2026-02-14 17:29:08.699284,69903.89499999999,BUY,1.0,95.02351946225528
2026-02-14 17:29:11.148926,69903.89499999999,SELL,1.0,94.97600770252416
2026-02-14 17:29:27.506472,69895.445,BUY,1.0,94.93999464409511
2026-02-14 17:29:45.206086,69896.505,BUY,1.0,94.89252464677305
2026-02-14 17:30:22.001821,69882.125,SELL,1.0,94.82556564590618
2026-02-14 17:30:24.032681,69908.025,BUY,1.0,94.77815286308322
2026-02-14 17:30:42.954530,69947.705,SELL,1.0,94.78453324598132
2026-02-14 17:30:54.328661,69941.155,BUY,1.0,94.73714097935833
2026-02-14 17:30:59.020718,69943.245,SELL,1.0,94.6926019535671
2026-02-14 17:31:51.055851,69900.005,SELL,1.0,94.64525565259032
2026-02-14 17:32:15.992033,69900.045,BUY,1.0,94.59787817380952
2026-02-14 17:32:33.850854,69940.195,SELL,1.0,94.55057923472262
2026-02-14 17:32:58.945725,69938.815,BUY,1.0,94.50516811369596
2026-02-14 17:33:08.007958,69938.815,BUY,1.0,94.45791552963911
2026-02-14 17:33:18.401911,69945.305,SELL,1.0,94.41944744887586
2026-02-14 17:33:28.444791,69932.82,SELL,1.0,94.37223772515142
2026-02-14 17:35:07.863810,69918.435,BUY,1.0,94.34442891774741
2026-02-14 17:35:18.535531,69925.315,SELL,1.0,94.29725670328854
2026-02-14 17:36:20.766313,69926.525,BUY,1.0,94.248472875617
2026-02-14 17:36:23.749046,69926.525,SELL,1.0,94.20134863917919
2026-02-14 17:38:09.364511,69974.275,BUY,1.0,94.08996511395499
2026-02-14 17:38:20.117565,69992.035,SELL,1.0,94.042920131398
2026-02-14 17:38:30.279762,69981.685,BUY,1.0,94.00979773463894
2026-02-14 17:38:34.915789,69981.685,BUY,1.0,93.96279283577162
2026-02-14 17:38:55.560815,69974.285,SELL,1.0,93.90588059809647
2026-02-14 17:39:03.999805,69974.275,SELL,1.0,93.85892765779742
2026-02-14 17:43:57.718306,69965.995,BUY,1.0,93.82306659157963
2026-02-14 17:44:08.786189,69977.65,SELL,1.0,93.77615505828385
2026-02-14 17:45:14.328983,69950.655,BUY,1.0,93.765419888371
2026-02-14 17:45:18.885269,69964.965,SELL,1.0,93.71853717842681
2026-02-14 17:46:20.323420,70053.91500000001,BUY,1.0,93.55267819136505
2026-02-14 17:46:26.407312,70023.965,SELL,1.0,93.50590185226936
2026-02-14 17:49:11.337181,69976.47,BUY,1.0,93.5225507924324
2026-02-14 17:49:36.150060,69957.725,SELL,1.0,93.47578951703618
2026-02-14 17:50:14.197634,69949.995,BUY,1.0,93.43935899632021
2026-02-14 17:51:01.271343,69932.205,BUY,1.0,93.39263931682206
2026-02-14 17:51:09.996746,69932.205,SELL,1.0,93.34594299716365
2026-02-14 17:51:43.804178,69924.155,BUY,1.0,93.29927002566507
2026-02-14 17:52:04.774234,69932.765,SELL,1.0,93.26410290426378
2026-02-14 17:52:16.395465,69941.155,BUY,1.0,93.21747085281164
2026-02-14 17:52:22.294823,69945.535,SELL,1.0,93.17669685626072
2026-02-14 17:52:34.287011,69966.57,BUY,1.0,93.13010850783259
2026-02-14 17:52:38.798426,69972.965,SELL,1.0,93.0920513632902
2026-02-14 17:52:43.172020,69972.965,BUY,1.0,93.04550533760855
2026-02-14 17:52:55.473030,69959.91500000001,SELL,1.0,92.98163821883017
2026-02-14 17:53:05.740289,69974.125,BUY,1.0,92.93514739972076
2026-02-14 17:53:11.820964,69985.195,SELL,1.0,92.90337493918845
2026-02-14 17:53:29.766907,70023.955,BUY,1.0,92.85692325171885
2026-02-14 17:53:32.833888,70030.04000000001,SELL,1.0,92.81855991381812
2026-02-14 17:53:41.580504,69999.125,SELL,1.0,92.77215063386122
2026-02-14 17:54:26.993408,69986.695,BUY,1.0,92.74221514085816
2026-02-14 17:54:37.908837,69977.63,SELL,1.0,92.69584403328774
2026-02-14 17:55:00.796663,69949.435,BUY,1.0,92.68681327515479
2026-02-14 17:55:02.256602,69943.41500000001,SELL,1.0,92.64046986851721
2026-02-14 17:55:26.644364,69970.13500000001,BUY,1.0,92.55877249733213
2026-02-14 17:55:40.621006,69957.725,SELL,1.0,92.51249311108346
2026-02-14 17:56:18.258056,69971.845,BUY,1.0,92.44757506815046
2026-02-14 17:56:21.353880,69974.92499999999,SELL,1.0,92.40135128061638
2026-02-14 17:59:00.508627,69953.57500000001,BUY,1.0,92.3832970387549
2026-02-14 17:59:03.721260,69958.41,SELL,1.0,92.33710539023552
2026-02-14 17:59:20.711213,69951.91500000001,BUY,1.0,92.299489668613
2026-02-14 17:59:44.020178,69920.495,SELL,1.0,92.2533399237787
2026-02-14 17:59:54.478039,69923.775,BUY,1.0,92.20288661561554
2026-02-14 18:00:00.377034,69923.775,SELL,1.0,92.15678517230774
2026-02-14 18:00:21.478638,69916.315,BUY,1.0,92.12052212785416
2026-02-14 18:00:43.520643,69928.725,BUY,1.0,92.07446186679023
2026-02-14 18:01:09.534605,69929.985,SELL,1.0,92.03008283590323
2026-02-14 18:01:22.847119,69912.655,SELL,1.0,91.98406779448528
2026-02-14 18:01:43.013440,69923.545,BUY,1.0,91.92375495350336
2026-02-14 18:02:19.018348,69968.745,SELL,1.0,91.8777930760266
2026-02-14 18:02:41.735775,69961.095,BUY,1.0,91.8418719356083
2026-02-14 18:02:57.783381,69961.095,SELL,1.0,91.7959509996405
2026-02-14 18:03:28.694911,69953.57500000001,BUY,1.0,91.75990917691699
2026-02-14 18:03:34.705753,69946.695,SELL,1.0,91.71402922232853
2026-02-14 18:04:35.889884,69920.455,BUY,1.0,91.70253784909711
2026-02-14 18:04:37.487944,69920.455,SELL,1.0,91.65668658017256
2026-02-14 18:05:15.769763,69920.455,BUY,1.0,91.61084867320218
2026-02-14 18:05:24.704981,69920.455,BUY,1.0,91.56504324886558
2026-02-14 18:06:17.133195,69912.41500000001,SELL,1.0,91.50873712787033
2026-02-14 18:06:24.940850,69908.005,SELL,1.0,91.4629827593064
2026-02-14 18:06:36.496436,69908.045,BUY,1.0,91.41719481193256
2026-02-14 18:06:39.424795,69910.005,SELL,1.0,91.3714862145266
2026-02-14 18:06:57.021279,69922.025,BUY,1.0,91.31009892171033
2026-02-14 18:06:58.480677,69922.025,SELL,1.0,91.26444387224947
2026-02-14 18:07:02.959773,69922.025,BUY,1.0,91.21881165031334
2026-02-14 18:07:04.382812,69948.07500000001,SELL,1.0,91.17320224448818
2026-02-14 18:07:25.653733,69945.295,BUY,1.0,91.131233444797
2026-02-14 18:07:33.095727,69946.185,SELL,1.0,91.0856678280746
2026-02-14 18:07:59.497331,69934.985,BUY,1.0,91.05469609245631
2026-02-14 18:08:28.880496,69957.715,BUY,1.0,91.00916874441009
2026-02-14 18:08:39.451645,69961.85500000001,SELL,1.0,90.96904726281109
2026-02-14 18:09:08.333099,69941.16500000001,SELL,1.0,90.92356273917969
2026-02-14 18:09:51.202182,69931.485,BUY,1.0,90.89067488366479
2026-02-14 18:10:00.880964,69887.345,SELL,1.0,90.84522954622295
2026-02-14 18:10:07.625964,69903.89499999999,BUY,1.0,90.77830656788342
2026-02-14 18:10:14.881645,69917.025,SELL,1.0,90.73291741459948
2026-02-14 18:10:29.631890,69915.67499999999,BUY,1.0,90.68930152967945
2026-02-14 18:11:09.934855,69887.465,SELL,1.0,90.64395687891461
2026-02-14 18:11:18.519105,69875.35500000001,BUY,1.0,90.61433545534433
2026-02-14 18:12:01.224577,69877.33499999999,BUY,1.0,90.56902828761666
2026-02-14 18:12:05.966278,69889.815,SELL,1.0,90.53991119488774
2026-02-14 18:12:10.474785,69885.475,BUY,1.0,90.49464123929029
2026-02-14 18:12:11.965030,69885.475,SELL,1.0,90.44939391867064
2026-02-14 18:12:36.879171,69880.88500000001,SELL,1.0,90.4041692217113
2026-02-14 18:12:48.560635,69878.125,BUY,1.0,90.36253522905108
2026-02-14 18:13:03.067902,69885.955,BUY,1.0,90.31735396143655
2026-02-14 18:13:13.534839,69892.475,SELL,1.0,90.280617215776
2026-02-14 18:14:12.754784,69910.065,SELL,1.0,90.23547690716812
2026-02-14 18:14:21.806445,69908.815,BUY,1.0,90.19197175984513
2026-02-14 18:14:32.752352,69903.795,SELL,1.0,90.1468757739652
2026-02-14 18:15:44.219674,69916.305,BUY,1.0,90.0856582575102
2026-02-14 18:16:32.991974,69928.735,BUY,1.0,90.04061542838144
2026-02-14 18:16:53.472704,69933.485,SELL,1.0,90.00170818816123
2026-02-14 18:17:03.392249,69916.32500000001,SELL,1.0,89.95670733406715
2026-02-14 18:18:00.209353,69984.035,BUY,1.0,89.82469589243242
2026-02-14 18:18:06.961308,69967.60500000001,SELL,1.0,89.7797835444862
2026-02-14 18:18:21.319667,69961.85500000001,BUY,1.0,89.74226190627857
2026-02-14 18:18:41.626084,69966.005,SELL,1.0,89.69739077532543
2026-02-14 18:19:35.236569,69868.005,BUY,1.0,89.77825052963314
2026-02-14 18:19:41.087381,69868.005,SELL,1.0,89.73336140436832
2026-02-14 18:19:48.460261,69854.91500000001,BUY,1.0,89.70529935718842
2026-02-14 18:19:53.019281,69858.965,BUY,1.0,89.66044670750983
2026-02-14 18:19:59.151877,69874.005,SELL,1.0,89.63490991159122
2026-02-14 18:20:20.472168,69860.015,BUY,1.0,89.59009245663543
2026-02-14 18:20:30.860857,69869.61499999999,SELL,1.0,89.55760251591188
2026-02-14 18:20:47.675358,69866.005,SELL,1.0,89.51282371465392
2026-02-14 18:20:51.034127,69856.015,BUY,1.0,89.48086016239056
2026-02-14 18:36:07.755153,69763.125,BUY,1.0,89.43611973230936
2026-02-14 18:36:18.689352,69774.795,SELL,1.0,89.40635509744412
2026-02-14 18:38:23.053299,69776.275,SELL,1.0,89.3616519198954
2026-02-14 18:38:38.334507,69783.685,BUY,1.0,89.30748012567747
2026-02-14 18:38:49.510415,69787.185,BUY,1.0,89.26282638561463
2026-02-14 18:39:03.713274,69788.805,SELL,1.0,89.22026603283004
2026-02-14 18:39:13.275060,69781.10500000001,SELL,1.0,89.17565589981362
2026-02-14 18:39:22.264138,69792.10500000001,BUY,1.0,89.1170184366031
2026-02-14 18:40:05.887470,69805.055,SELL,1.0,89.0724599273848
2026-02-14 18:40:23.866222,69810.455,BUY,1.0,89.02103664908388
2026-02-14 18:40:40.665650,69786.015,SELL,1.0,88.97652613075934
2026-02-14 18:41:13.652143,69792.11499999999,BUY,1.0,88.92425986399422
2026-02-14 18:41:33.359072,69801.005,SELL,1.0,88.87979773406222
2026-02-14 18:41:40.995217,69801.005,BUY,1.0,88.8353578351952
2026-02-14 18:41:52.686779,69801.005,BUY,1.0,88.7909401562776
2026-02-14 18:44:13.444222,69793.11499999999,SELL,1.0,88.73651316534132
2026-02-14 18:44:29.920992,69798.85500000001,BUY,1.0,88.69214490875865
2026-02-14 18:44:48.395684,69805.36499999999,SELL,1.0,88.6560668397038
2026-02-14 18:44:51.414355,69806.045,BUY,1.0,88.61173880628395
2026-02-14 18:44:57.505621,69809.695,SELL,1.0,88.57206392736624
2026-02-14 18:45:12.488037,69790.42499999999,BUY,1.0,88.52777789540256
2026-02-14 18:45:18.356738,69820.485,SELL,1.0,88.52162545843463
2026-02-14 18:45:45.719398,69800.015,SELL,1.0,88.4773646457054
2026-02-14 18:46:10.293822,69802.20999999999,BUY,1.0,88.43034428638336
2026-02-14 18:46:14.453709,69796.005,SELL,1.0,88.38612911424016
2026-02-14 18:47:40.394018,69806.33499999999,BUY,1.0,88.32885636102516
2026-02-14 18:47:46.248748,69806.33499999999,SELL,1.0,88.28469193284465
2026-02-14 18:47:52.061081,69810.025,BUY,1.0,88.2358851444895
2026-02-14 18:47:59.213970,69810.025,SELL,1.0,88.19176720191726
2026-02-14 18:49:01.659923,69816.965,BUY,1.0,88.13890108197234
2026-02-14 18:49:03.215452,69823.92499999999,SELL,1.0,88.09483163143135
2026-02-14 18:49:21.533564,69822.455,BUY,1.0,88.0526373443826
2026-02-14 18:49:42.613292,69816.965,SELL,1.0,88.00861102571041
2026-02-14 18:50:04.993741,69783.845,BUY,1.0,88.00628565719924
2026-02-14 18:50:20.287226,69805.815,BUY,1.0,87.96228251437064
2026-02-14 18:50:29.062279,69799.725,SELL,1.0,87.91063120329505
2026-02-14 18:50:48.494616,69797.35500000001,SELL,1.0,87.8666758876934
2026-02-14 18:51:20.451016,69801.435,BUY,1.0,87.81760797085494
2026-02-14 18:51:27.818543,69805.455,SELL,1.0,87.7736991668695
2026-02-14 18:51:30.900003,69800.505,BUY,1.0,87.73603335790489
2026-02-14 18:51:49.441193,69800.505,BUY,1.0,87.69216534122593
2026-02-14 18:52:11.625175,69796.265,SELL,1.0,87.6429951011777
2026-02-14 18:52:13.036929,69788.275,BUY,1.0,87.59917360362711
2026-02-14 18:52:16.094457,69788.275,SELL,1.0,87.5553740168253
2026-02-14 18:52:28.986322,69807.775,BUY,1.0,87.51159632981688
2026-02-14 18:52:37.587419,69798.815,SELL,1.0,87.45661381870829
2026-02-14 18:52:57.376772,69785.92499999999,SELL,1.0,87.41288551179893
2026-02-14 18:53:40.568480,69751.155,BUY,1.0,87.41272619861257
2026-02-14 18:56:44.594273,69764.025,SELL,1.0,87.36901983551327
2026-02-14 19:12:13.559914,69695.995,BUY,1.0,87.41051220769805
2026-02-14 19:12:18.540383,69695.765,SELL,1.0,87.3668069515942
2026-02-14 19:16:55.379692,69671.66,BUY,1.0,87.35332839148687
2026-02-14 19:17:05.806422,69633.995,SELL,1.0,87.30965172729113
2026-02-14 19:17:22.290097,69627.485,BUY,1.0,87.27415358728973
2026-02-14 19:17:31.260368,69611.725,BUY,1.0,87.23051651049609
2026-02-14 19:17:34.407262,69605.82500000001,SELL,1.0,87.17951165347156
2026-02-14 19:22:31.551600,69695.495,SELL,1.0,87.13592189764483
2026-02-14 19:26:59.779682,69627.33499999999,BUY,1.0,87.1775753023758
2026-02-14 19:27:01.202535,69627.33499999999,SELL,1.0,87.13398651472461
2026-02-14 19:27:04.064612,69630.66500000001,BUY,1.0,87.08625433121536
2026-02-14 19:27:26.002853,69624.505,BUY,1.0,87.04271120404975
2026-02-14 19:32:17.204019,69692.745,SELL,1.0,87.08445903226824
2026-02-14 19:37:00.169759,69647.215,BUY,1.0,87.04091680275211
2026-02-14 19:37:03.245041,69647.215,SELL,1.0,86.99739634435073
2026-02-14 19:55:17.065053,69725.765,BUY,1.0,86.95389764617856
2026-02-14 19:55:34.715539,69720.495,SELL,1.0,86.9038518498559
2026-02-14 19:55:43.156907,69701.845,SELL,1.0,86.86039992393097
2026-02-14 19:55:54.832543,69704.005,BUY,1.0,86.81427934103002
2026-02-14 20:11:34.608145,69829.38500000001,SELL,1.0,86.7708722013595
2026-02-14 20:16:42.203469,69841.045,BUY,1.0,86.713005418067
2026-02-14 20:16:55.640448,69841.045,BUY,1.0,86.66964891535797
2026-02-14 20:17:06.476682,69826.08499999999,SELL,1.0,86.60775867468624
2026-02-14 20:17:17.434161,69814.58499999999,SELL,1.0,86.5644547953489
2026-02-14 20:21:35.663074,69593.39499999999,BUY,1.0,86.79520408994183
2026-02-14 20:21:38.621142,69588.655,SELL,1.0,86.75180648789686
2026-02-14 20:39:54.498390,69568.555,BUY,1.0,86.73341724381798
2026-02-14 20:40:17.980019,69568.555,SELL,1.0,86.69005053519608
2026-02-14 20:40:19.415261,69580.975,BUY,1.0,86.63123656591442
2026-02-14 20:54:57.149864,69564.055,SELL,1.0,86.58792094763146
2026-02-14 20:55:07.867634,69547.86499999999,BUY,1.0,86.56477127933907
2026-02-14 20:55:18.498894,69540.08499999999,SELL,1.0,86.5214888936994
2026-02-14 22:18:42.587281,69539.10500000001,BUY,1.0,86.47850636590591
2026-02-14 22:18:58.825993,69539.10500000001,BUY,1.0,86.43526711272297
2026-02-14 22:19:16.121149,69535.60500000001,SELL,1.0,86.3877012470003
2026-02-14 22:19:40.737879,69539.975,BUY,1.0,86.3445073963768
2026-02-14 22:36:27.053780,69284.265,SELL,1.0,85.98399084669151
2026-02-14 22:36:33.487827,69303.595,SELL,1.0,85.94099885126816
2026-02-14 22:37:06.633932,69303.595,BUY,1.0,85.89801731710105
2026-02-14 22:37:08.111594,69287.045,SELL,1.0,85.8550683084425
2026-02-14 22:52:16.780372,69900.285,BUY,1.0,85.05259680885831
2026-02-14 22:52:26.111190,69850.095,BUY,1.0,85.01007051045389
2026-02-14 23:09:21.509761,70306.005,SELL,1.0,85.52214686518533
2026-02-14 23:09:48.103213,70257.985,BUY,1.0,85.47938579175275
2026-02-14 23:09:51.065248,70246.195,SELL,1.0,85.42230896610954
2026-02-14 23:19:46.354372,70283.26999999999,BUY,1.0,85.37959781162648
2026-02-14 23:19:53.480988,70267.755,SELL,1.0,85.31806992895173
2026-02-14 23:19:57.626175,70268.055,BUY,1.0,85.27541089398726
2026-02-14 23:20:05.655189,70240.005,SELL,1.0,85.19874948761476
2026-02-14 23:20:17.432564,70250.535,BUY,1.0,85.15615011287096
2026-02-14 23:35:47.282922,70298.995,SELL,1.0,85.17228481062047
2026-02-14 23:36:37.533470,70309.985,SELL,1.0,85.12969866821516
2026-02-14 23:37:27.063087,70252.095,BUY,1.0,85.15723693911475
2026-02-14 23:37:28.489646,70239.245,SELL,1.0,85.11465832064519
2026-02-14 23:37:38.833529,70274.83499999999,BUY,1.0,85.02900520225558
2026-02-14 23:37:49.260041,70268.225,SELL,1.0,84.98649069965445
2026-02-14 23:38:33.162934,70185.42499999999,BUY,1.0,85.04418271636891
2026-02-14 23:39:02.950439,70182.255,SELL,1.0,85.00166062501073
2026-02-14 23:39:14.769746,70190.57500000001,BUY,1.0,84.94908873387169
2026-02-14 23:39:17.798088,70193.695,SELL,1.0,84.90661418950475
2026-02-14 23:39:19.321726,70193.695,BUY,1.0,84.86416088241
2026-02-14 23:39:25.184488,70194.275,SELL,1.0,84.8217288019688
2026-02-14 23:39:57.889831,70179.57500000001,BUY,1.0,84.79706868020027
2026-02-14 23:40:10.833048,70177.985,SELL,1.0,84.75467014586017
2026-02-14 23:40:22.283217,70177.995,BUY,1.0,84.71228073972354
2026-02-14 23:41:01.284384,70192.025,SELL,1.0,84.66992459935368
2026-02-14 23:41:22.014160,70194.045,BUY,1.0,84.62515421023598
2026-02-14 23:41:47.328309,70217.015,SELL,1.0,84.58284163313085
2026-02-14 23:43:24.642503,70202.875,BUY,1.0,84.5575491588637
2026-02-14 23:43:27.472727,70202.10500000001,SELL,1.0,84.51527038428426
2026-02-14 23:45:26.280376,70203.655,BUY,1.0,84.47112976485091
2026-02-14 23:45:37.264074,70214.39499999999,SELL,1.0,84.42889419996848
2026-02-14 23:46:36.847245,70264.07500000001,BUY,1.0,84.32699577979825
2026-02-14 23:46:46.231831,70268.225,SELL,1.0,84.28483228190835
2026-02-14 23:49:16.142483,70262.935,BUY,1.0,84.24901484930989
2026-02-14 23:51:18.612931,70284.005,SELL,1.0,84.20689034188523
2026-02-14 23:52:15.523106,70247.08499999999,BUY,1.0,84.2090036449311
2026-02-14 23:53:12.305448,70236.36499999999,SELL,1.0,84.16689914310864
2026-02-14 23:56:25.993298,70139.875,BUY,1.0,84.24045635749737
2026-02-14 23:56:37.518835,70135.745,SELL,1.0,84.19833612931862
2026-02-14 23:57:52.549184,70106.015,BUY,1.0,84.19191171596914
2026-02-14 23:57:58.353632,70114.565,SELL,1.0,84.14981576011115
2026-02-14 23:58:08.502345,70119.955,BUY,1.0,84.10127513825007
2026-02-14 23:59:00.322987,70131.58499999999,BUY,1.0,84.05922450068095
2026-02-14 23:59:30.936350,70141.625,SELL,1.0,84.0292227448762
2026-02-15 00:00:34.087168,70163.58499999999,SELL,1.0,83.98720813350376
2026-02-15 00:05:41.957203,70131.985,BUY,1.0,83.98295791286064
2026-02-15 00:06:36.577499,70177.13500000001,SELL,1.0,83.94096643390421
2026-02-15 00:06:38.658752,70177.13500000001,BUY,1.0,83.89899595068725
2026-02-15 00:06:49.005624,70178.945,SELL,1.0,83.85704645271191
2026-02-15 00:11:50.202756,70206.10500000001,BUY,1.0,83.78260638852808
2026-02-15 00:12:18.000374,70199.525,BUY,1.0,83.74071508533382
2026-02-15 00:12:28.498287,70184.005,SELL,1.0,83.68034024260874
2026-02-15 00:13:14.297929,70164.735,SELL,1.0,83.63850007248743
2026-02-15 00:13:19.524744,70177.13500000001,BUY,1.0,83.5819070397673
2026-02-15 00:13:27.535616,70180.015,SELL,1.0,83.54011608624742
2026-02-15 00:16:35.782436,70233.945,BUY,1.0,83.43409367578352
2026-02-15 00:17:54.383380,70302.17499999999,BUY,1.0,83.39237662894563
2026-02-15 00:19:31.229970,70417.265,SELL,1.0,83.48713183508534
2026-02-15 00:22:43.385689,70300.405,SELL,1.0,83.4453882691678
2026-02-15 00:25:39.570865,70312.785,BUY,1.0,83.38892505592982
2026-02-15 00:26:26.241120,70311.995,BUY,1.0,83.34723059340185
2026-02-15 00:28:55.958260,70317.985,SELL,1.0,83.31265392203764
2026-02-15 00:29:06.893775,70315.995,BUY,1.0,83.27099759507662
2026-02-15 00:30:37.363426,70275.635,SELL,1.0,83.1815900772071
2026-02-15 00:32:31.147338,70321.055,SELL,1.0,83.1399992821685
2026-02-15 00:33:34.471713,70392.515,BUY,1.0,83.0140348482147
2026-02-15 00:40:09.199504,70265.54000000001,SELL,1.0,82.9725278307906
2026-02-15 00:40:25.335589,70258.095,BUY,1.0,82.93982539769732
2026-02-15 00:40:34.972788,70259.89499999999,SELL,1.0,82.89835548499848
2026-02-15 00:42:30.508698,70313.995,BUY,1.0,82.79313713927533
2026-02-15 00:42:59.844404,70323.015,SELL,1.0,82.75174057070569
2026-02-15 00:44:59.920322,70333.86499999999,BUY,1.0,82.69756535166049
2026-02-15 00:45:58.659238,70416.005,SELL,1.0,82.65621656898466
2026-02-15 00:46:16.834311,70385.995,BUY,1.0,82.65009739938827
